;rand1;rand2;rand3;greedy;kld;full
rand1;N/A;1.9372159673992056e-06;1.2786553040065456e-72;1.0;1.0;1.0
rand2;0.9999980627840326;N/A;4.704842178152388e-64;1.0;1.0;1.0
rand3;1.0;1.0;N/A;1.0;1.0;1.0
greedy;7.737505437544366e-119;4.084575874287708e-119;1.0146117043167486e-147;N/A;0.9999776744921833;1.0
kld;1.233429676884954e-121;5.0129773833993374e-124;1.8043176122077128e-159;2.232550781663754e-05;N/A;1.0
full;8.621804277642211e-153;3.579060816545523e-145;2.0573990799454996e-174;1.7932775071810705e-71;1.6631025731589045e-66;N/A
